order_id,user_id,created_at,total_amount
1,103,2024-07-07 15:11:00,473
2,180,2024-06-07 18:20:00,418
3,93,2024-05-09 17:56:00,285
4,15,2024-06-14 23:18:00,132
5,107,2024-06-05 01:40:00,91
6,72,2024-06-20 02:30:00,474
7,189,2024-06-15 06:40:00,150
8,21,2024-06-08 02:01:00,55
9,103,2024-05-16 01:53:00,229
10,122,2024-05-22 07:50:00,331
11,75,2024-06-08 02:25:00,369
12,88,2024-06-10 02:54:00,275
13,117,2024-05-14 14:35:00,492
14,100,2024-05-25 15:11:00,489
15,104,2024-06-02 08:31:00,364
16,152,2024-05-19 17:58:00,414
17,131,2024-07-03 07:25:00,278
18,150,2024-06-16 08:26:00,426
19,53,2024-05-23 09:43:00,338
20,2,2024-06-11 02:12:00,486
21,88,2024-07-01 19:10:00,199
22,158,2024-05-25 07:01:00,326
23,38,2024-06-16 14:23:00,247
24,130,2024-05-04 13:27:00,119
25,192,2024-06-27 12:57:00,161
26,188,2024-05-31 20:20:00,53
27,21,2024-05-19 17:57:00,399
28,161,2024-06-12 23:38:00,380
29,58,2024-05-07 00:25:00,495
30,22,2024-05-06 19:07:00,367
31,89,2024-05-11 12:21:00,399
32,49,2024-07-04 20:27:00,144
33,59,2024-06-25 11:34:00,201
34,170,2024-06-07 05:37:00,360
35,188,2024-06-07 14:52:00,186
36,15,2024-06-18 02:17:00,296
37,190,2024-06-15 22:46:00,436
38,190,2024-06-17 18:07:00,292
39,175,2024-05-08 17:07:00,80
40,190,2024-05-01 00:31:00,89
41,51,2024-05-18 23:16:00,278
42,108,2024-05-13 21:32:00,85
43,55,2024-06-17 08:01:00,457
44,64,2024-06-13 01:43:00,272
45,131,2024-05-29 12:19:00,55
46,51,2024-05-07 11:07:00,371
47,135,2024-06-07 04:01:00,269
48,21,2024-05-06 15:16:00,124
49,73,2024-06-30 12:49:00,53
50,167,2024-07-08 16:35:00,384
51,18,2024-06-08 21:28:00,183
52,132,2024-05-10 05:51:00,167
53,89,2024-05-26 12:20:00,418
54,60,2024-05-27 02:55:00,143
55,14,2024-05-25 09:55:00,484
56,9,2024-05-12 05:14:00,111
57,90,2024-06-23 01:51:00,490
58,53,2024-07-03 16:55:00,243
59,130,2024-05-07 13:50:00,384
60,84,2024-07-04 14:06:00,252
61,92,2024-05-28 08:05:00,441
62,111,2024-06-09 23:31:00,75
63,188,2024-06-19 08:26:00,484
64,199,2024-06-05 20:38:00,222
65,172,2024-05-19 21:09:00,349
66,8,2024-06-07 14:29:00,182
67,175,2024-06-11 11:10:00,375
68,35,2024-05-07 12:46:00,459
69,81,2024-06-02 22:58:00,167
70,164,2024-05-25 22:10:00,373
71,50,2024-05-30 05:06:00,324
72,104,2024-06-03 23:46:00,261
73,132,2024-06-27 16:27:00,274
74,2,2024-05-01 13:33:00,69
75,134,2024-05-24 01:54:00,162
76,54,2024-05-04 11:15:00,189
77,106,2024-07-02 08:59:00,96
78,4,2024-06-23 08:27:00,50
79,54,2024-06-24 08:57:00,139
80,191,2024-05-26 16:32:00,191
81,146,2024-07-01 15:01:00,369
82,44,2024-05-13 16:50:00,87
83,162,2024-05-11 03:37:00,342
84,190,2024-05-25 23:27:00,431
85,14,2024-05-21 06:13:00,188
86,95,2024-05-07 13:45:00,405
87,48,2024-05-20 03:29:00,382
88,15,2024-05-21 03:14:00,308
89,200,2024-05-11 18:20:00,210
90,190,2024-05-30 06:49:00,439
91,40,2024-05-23 10:39:00,227
92,82,2024-06-16 04:00:00,59
93,111,2024-06-19 01:02:00,310
94,53,2024-06-07 16:23:00,456
95,24,2024-06-23 15:56:00,187
96,154,2024-06-02 04:30:00,221
97,188,2024-05-12 05:24:00,435
98,124,2024-05-06 17:23:00,62
99,41,2024-06-02 12:20:00,217
100,157,2024-05-05 23:19:00,179
101,15,2024-06-14 17:10:00,133
102,45,2024-06-24 08:25:00,370
103,65,2024-07-03 05:27:00,368
104,89,2024-07-01 18:05:00,150
105,71,2024-07-03 06:39:00,378
106,9,2024-05-27 13:11:00,322
107,88,2024-06-03 17:59:00,314
108,129,2024-05-26 05:55:00,448
109,136,2024-06-18 00:46:00,457
110,63,2024-05-24 04:29:00,87
111,139,2024-05-27 23:01:00,468
112,81,2024-06-10 15:22:00,143
113,136,2024-05-15 09:10:00,144
114,163,2024-05-02 21:56:00,354
115,163,2024-05-14 20:33:00,118
116,33,2024-05-25 09:36:00,367
117,123,2024-05-14 10:41:00,493
118,5,2024-05-12 01:31:00,285
119,41,2024-05-01 12:37:00,483
120,28,2024-05-02 07:19:00,383
121,135,2024-05-14 04:30:00,422
122,72,2024-05-30 11:43:00,425
123,12,2024-06-27 20:53:00,186
124,162,2024-07-07 19:39:00,467
125,33,2024-05-30 22:06:00,125
126,48,2024-05-11 06:15:00,84
127,151,2024-06-16 01:14:00,50
128,62,2024-05-03 21:54:00,345
129,37,2024-05-15 02:09:00,369
130,99,2024-07-07 23:58:00,455
131,172,2024-05-25 02:06:00,109
132,104,2024-05-16 18:39:00,369
133,35,2024-05-02 19:22:00,398
134,193,2024-06-10 15:09:00,377
135,101,2024-05-17 07:17:00,316
136,175,2024-05-12 08:43:00,410
137,131,2024-05-22 14:18:00,278
138,1,2024-06-26 01:25:00,319
139,5,2024-05-25 19:26:00,365
140,142,2024-05-10 17:07:00,335
141,103,2024-07-02 15:47:00,340
142,27,2024-06-18 02:44:00,262
143,137,2024-06-23 19:06:00,214
144,15,2024-05-16 06:52:00,54
145,90,2024-05-23 21:26:00,388
146,42,2024-07-08 07:32:00,428
147,124,2024-06-16 19:13:00,127
148,179,2024-06-18 06:14:00,459
149,63,2024-05-11 16:51:00,111
150,96,2024-06-18 06:43:00,181
151,52,2024-05-23 00:29:00,138
152,96,2024-05-18 21:47:00,286
153,132,2024-06-09 23:05:00,91
154,151,2024-05-26 04:14:00,138
155,143,2024-06-17 04:00:00,451
156,171,2024-05-02 16:19:00,345
157,29,2024-06-10 21:41:00,377
158,36,2024-06-23 08:00:00,344
159,13,2024-06-29 18:16:00,153
160,160,2024-06-25 20:47:00,63
161,71,2024-06-14 07:49:00,337
162,187,2024-06-05 09:45:00,228
163,86,2024-07-08 21:19:00,174
164,28,2024-06-01 21:36:00,471
165,66,2024-07-07 03:11:00,402
166,170,2024-05-31 14:06:00,72
167,45,2024-06-25 05:53:00,112
168,62,2024-05-21 00:22:00,192
169,185,2024-06-23 03:42:00,202
170,134,2024-05-29 00:03:00,194
171,28,2024-06-06 20:26:00,274
172,28,2024-07-06 17:52:00,499
173,108,2024-05-09 00:28:00,358
174,44,2024-05-01 20:10:00,153
175,84,2024-05-11 16:33:00,153
176,30,2024-07-01 11:46:00,484
177,190,2024-06-28 21:53:00,88
178,75,2024-06-11 00:03:00,484
179,128,2024-06-10 20:32:00,247
180,92,2024-05-14 19:45:00,183
181,190,2024-06-12 00:57:00,116
182,129,2024-05-22 12:37:00,440
183,121,2024-05-13 21:51:00,228
184,27,2024-06-29 03:03:00,91
185,190,2024-05-25 04:00:00,497
186,121,2024-06-30 09:47:00,64
187,116,2024-05-04 18:29:00,160
188,3,2024-06-07 04:20:00,206
189,103,2024-05-04 03:42:00,338
190,198,2024-05-01 02:33:00,280
191,200,2024-07-08 16:10:00,460
192,155,2024-06-17 04:22:00,469
193,137,2024-07-03 13:58:00,206
194,62,2024-06-14 02:35:00,87
195,165,2024-05-30 00:47:00,490
196,51,2024-07-06 11:16:00,146
197,172,2024-06-23 10:58:00,460
198,152,2024-07-02 13:36:00,488
199,59,2024-06-06 19:20:00,338
200,118,2024-06-21 13:12:00,303
201,160,2024-05-12 07:15:00,245
202,96,2024-06-23 02:27:00,135
203,180,2024-07-04 05:58:00,371
204,113,2024-06-06 20:35:00,59
205,62,2024-07-08 18:46:00,54
206,186,2024-05-10 05:14:00,172
207,52,2024-05-17 03:06:00,379
208,12,2024-06-06 22:01:00,402
209,39,2024-05-31 04:45:00,167
210,130,2024-06-16 07:35:00,343
211,131,2024-06-29 09:35:00,446
212,113,2024-05-09 12:02:00,208
213,101,2024-05-27 12:47:00,352
214,113,2024-06-26 11:59:00,277
215,184,2024-06-23 20:48:00,414
216,81,2024-05-16 08:46:00,265
217,187,2024-06-09 13:48:00,485
218,113,2024-06-30 03:56:00,233
219,2,2024-06-14 21:59:00,64
220,130,2024-06-30 18:25:00,206
221,54,2024-06-24 15:10:00,185
222,87,2024-06-13 08:32:00,310
223,129,2024-05-17 15:50:00,206
224,147,2024-05-06 13:05:00,96
225,126,2024-05-08 13:43:00,373
226,130,2024-05-15 07:59:00,381
227,53,2024-05-26 14:15:00,222
228,172,2024-07-03 01:57:00,179
229,160,2024-05-31 11:25:00,460
230,198,2024-05-29 05:05:00,144
231,160,2024-06-21 13:59:00,164
232,68,2024-06-12 10:13:00,292
233,183,2024-05-31 15:00:00,469
234,184,2024-06-07 12:11:00,341
235,123,2024-05-15 18:41:00,331
236,145,2024-05-24 22:29:00,348
237,38,2024-05-22 23:37:00,332
238,24,2024-05-03 13:58:00,118
239,69,2024-06-28 07:10:00,197
240,116,2024-05-31 04:19:00,60
241,98,2024-06-25 08:00:00,303
242,198,2024-07-03 07:28:00,379
243,139,2024-06-12 01:41:00,409
244,144,2024-07-09 08:25:00,87
245,97,2024-06-12 05:03:00,183
246,124,2024-05-23 12:08:00,249
247,187,2024-06-14 20:44:00,72
248,70,2024-05-18 08:11:00,352
249,93,2024-06-21 19:08:00,395
250,3,2024-05-11 10:48:00,351
251,148,2024-05-17 08:31:00,412
252,187,2024-06-18 06:41:00,445
253,164,2024-07-05 12:26:00,267
254,147,2024-06-08 02:09:00,190
255,90,2024-05-18 15:23:00,153
256,195,2024-07-04 07:30:00,495
257,147,2024-06-19 12:57:00,259
258,148,2024-05-05 15:12:00,160
259,96,2024-06-04 13:22:00,153
260,199,2024-06-14 11:17:00,365
261,52,2024-07-01 07:04:00,220
262,161,2024-06-13 08:52:00,405
263,168,2024-06-24 11:25:00,373
264,128,2024-06-28 22:46:00,182
265,39,2024-05-22 13:58:00,425
266,82,2024-05-03 03:56:00,342
267,104,2024-06-05 05:50:00,377
268,129,2024-05-09 13:16:00,176
269,11,2024-07-05 06:42:00,155
270,185,2024-06-26 02:04:00,141
271,178,2024-07-09 01:33:00,336
272,151,2024-05-29 07:03:00,427
273,159,2024-05-25 21:22:00,442
274,42,2024-06-20 15:53:00,100
275,99,2024-06-10 06:35:00,78
276,7,2024-05-30 04:57:00,345
277,144,2024-05-16 13:26:00,346
278,90,2024-06-01 20:45:00,263
279,112,2024-06-06 14:47:00,316
280,60,2024-06-09 22:01:00,456
281,113,2024-06-25 00:15:00,306
282,2,2024-05-12 08:22:00,351
283,129,2024-06-26 12:51:00,150
284,48,2024-06-13 01:49:00,454
285,140,2024-05-27 22:12:00,395
286,197,2024-07-03 21:36:00,159
287,37,2024-06-04 18:28:00,469
288,160,2024-06-16 22:30:00,231
289,9,2024-06-04 19:16:00,362
290,99,2024-06-18 17:23:00,50
291,147,2024-06-28 11:11:00,368
292,48,2024-05-11 14:31:00,487
293,131,2024-05-07 20:47:00,104
294,148,2024-05-19 07:13:00,420
295,152,2024-06-02 20:33:00,473
296,54,2024-06-10 04:19:00,448
297,120,2024-07-05 02:39:00,198
298,161,2024-07-01 08:37:00,480
299,152,2024-05-05 00:46:00,358
300,116,2024-05-14 03:23:00,186
301,75,2024-06-13 04:08:00,251
302,113,2024-05-15 23:56:00,485
303,200,2024-05-24 10:42:00,362
304,164,2024-05-17 03:51:00,166
305,166,2024-06-24 22:49:00,203
306,104,2024-05-11 10:39:00,474
307,84,2024-07-03 21:40:00,340
308,112,2024-06-07 19:08:00,112
309,99,2024-05-30 12:17:00,293
310,153,2024-05-16 20:01:00,74
311,93,2024-05-07 23:14:00,139
312,146,2024-05-09 13:22:00,124
313,128,2024-05-15 13:05:00,343
314,110,2024-06-09 03:20:00,435
315,82,2024-06-27 09:23:00,440
316,194,2024-05-09 14:27:00,259
317,54,2024-07-09 02:35:00,467
318,163,2024-05-28 02:56:00,396
319,189,2024-05-01 09:34:00,66
320,169,2024-05-16 13:56:00,177
321,161,2024-05-10 21:53:00,476
322,68,2024-06-28 13:24:00,492
323,33,2024-06-21 18:02:00,413
324,142,2024-06-21 04:45:00,300
325,21,2024-06-02 05:13:00,228
326,48,2024-06-07 18:40:00,231
327,148,2024-06-04 15:14:00,201
328,128,2024-06-28 22:04:00,74
329,136,2024-05-14 16:57:00,229
330,135,2024-06-19 18:47:00,247
331,195,2024-06-22 23:37:00,393
332,145,2024-06-09 17:29:00,210
333,128,2024-05-04 01:16:00,226
334,33,2024-05-29 15:22:00,334
335,176,2024-05-21 22:32:00,112
336,187,2024-06-05 12:19:00,199
337,115,2024-06-11 16:15:00,203
338,119,2024-06-01 03:52:00,205
339,22,2024-05-15 06:51:00,419
340,158,2024-06-27 20:05:00,98
341,38,2024-05-09 14:10:00,386
342,109,2024-06-06 11:33:00,133
343,51,2024-05-13 02:49:00,410
344,182,2024-06-06 07:10:00,226
345,8,2024-05-30 00:03:00,197
346,27,2024-06-29 00:20:00,167
347,27,2024-06-05 18:09:00,391
348,21,2024-06-01 19:07:00,112
349,30,2024-06-06 11:34:00,238
350,97,2024-05-06 08:36:00,409
351,28,2024-05-13 20:30:00,98
352,111,2024-05-24 18:40:00,376
353,192,2024-06-22 01:12:00,306
354,197,2024-06-02 00:04:00,273
355,61,2024-06-05 03:45:00,190
356,48,2024-05-06 13:15:00,264
357,147,2024-06-26 05:08:00,484
358,4,2024-06-22 15:44:00,428
359,35,2024-06-03 01:06:00,489
360,192,2024-05-20 00:43:00,260
361,49,2024-06-02 19:47:00,367
362,17,2024-06-08 16:55:00,81
363,172,2024-05-28 02:23:00,207
364,158,2024-05-03 03:09:00,334
365,46,2024-06-10 08:24:00,354
366,117,2024-05-23 02:25:00,478
367,6,2024-06-30 14:53:00,335
368,99,2024-06-08 22:49:00,193
369,124,2024-07-07 02:20:00,473
370,37,2024-06-11 14:34:00,68
371,24,2024-05-24 01:06:00,67
372,93,2024-07-03 09:27:00,306
373,46,2024-07-03 08:45:00,127
374,181,2024-06-18 15:09:00,420
375,95,2024-05-31 17:22:00,224
376,99,2024-05-15 06:25:00,243
377,188,2024-06-07 21:36:00,162
378,116,2024-07-06 19:42:00,163
379,191,2024-07-08 10:27:00,271
380,160,2024-05-10 18:58:00,215
381,161,2024-07-02 15:48:00,484
382,67,2024-05-19 08:00:00,368
383,128,2024-06-05 05:38:00,181
384,18,2024-05-26 13:35:00,434
385,25,2024-05-18 04:58:00,313
386,54,2024-07-01 16:52:00,462
387,58,2024-05-18 05:14:00,104
388,67,2024-05-05 16:15:00,408
389,104,2024-06-28 14:14:00,180
390,174,2024-05-04 04:03:00,337
391,24,2024-06-28 09:29:00,315
392,114,2024-05-30 15:08:00,415
393,32,2024-06-07 17:05:00,211
394,175,2024-05-21 01:10:00,429
395,86,2024-05-14 14:05:00,136
396,151,2024-06-01 20:15:00,104
397,194,2024-07-09 00:50:00,337
398,127,2024-05-31 09:31:00,227
399,155,2024-06-01 23:50:00,440
400,130,2024-06-03 21:49:00,398
401,17,2024-06-17 19:03:00,57
402,104,2024-05-06 10:21:00,370
403,161,2024-07-07 02:53:00,362
404,137,2024-06-05 06:08:00,296
405,43,2024-06-16 20:34:00,372
406,176,2024-05-25 23:04:00,492
407,39,2024-06-01 14:02:00,304
408,170,2024-05-27 15:29:00,377
409,26,2024-05-22 10:47:00,103
410,99,2024-05-18 07:04:00,298
411,50,2024-06-30 05:26:00,288
412,153,2024-07-01 02:06:00,278
413,152,2024-06-13 02:52:00,116
414,13,2024-06-29 04:41:00,100
415,60,2024-06-29 22:40:00,146
416,135,2024-06-13 18:58:00,141
417,57,2024-05-16 08:24:00,313
418,36,2024-06-20 05:11:00,467
419,173,2024-06-08 07:17:00,340
420,20,2024-06-20 06:24:00,145
421,65,2024-05-04 15:44:00,137
422,8,2024-05-19 21:48:00,127
423,144,2024-05-02 06:09:00,337
424,142,2024-06-18 05:58:00,169
425,115,2024-05-30 05:42:00,351
426,143,2024-06-23 23:59:00,449
427,92,2024-05-29 15:36:00,214
428,98,2024-05-06 15:01:00,231
429,66,2024-06-04 15:27:00,447
430,32,2024-06-08 03:56:00,272
431,191,2024-05-02 02:48:00,360
432,86,2024-06-19 19:37:00,481
433,51,2024-06-17 22:15:00,56
434,153,2024-06-15 07:00:00,379
435,186,2024-06-02 01:04:00,312
436,63,2024-06-28 06:07:00,210
437,190,2024-06-29 17:48:00,200
438,125,2024-06-08 10:22:00,134
439,150,2024-05-29 22:27:00,196
440,58,2024-06-06 19:00:00,161
441,58,2024-05-19 18:39:00,430
442,86,2024-05-12 04:05:00,452
443,49,2024-05-14 22:02:00,85
444,180,2024-06-01 06:21:00,334
445,170,2024-05-10 05:40:00,237
446,70,2024-06-20 19:36:00,131
447,15,2024-06-14 11:24:00,51
448,54,2024-05-01 05:42:00,434
449,188,2024-05-28 21:41:00,352
450,101,2024-05-04 05:47:00,246
451,8,2024-05-07 18:56:00,453
452,53,2024-05-17 09:17:00,60
453,60,2024-06-21 17:31:00,283
454,108,2024-06-07 20:23:00,435
455,5,2024-07-02 09:42:00,244
456,103,2024-06-21 16:22:00,168
457,196,2024-05-28 17:20:00,445
458,6,2024-05-26 10:10:00,69
459,109,2024-06-21 16:18:00,310
460,116,2024-07-09 06:11:00,342
461,94,2024-05-17 11:00:00,471
462,47,2024-06-19 19:14:00,305
463,99,2024-05-16 11:55:00,271
464,55,2024-06-21 02:34:00,442
465,168,2024-05-24 22:33:00,275
466,52,2024-05-05 09:40:00,102
467,144,2024-06-15 20:46:00,477
468,13,2024-07-05 15:32:00,404
469,114,2024-07-01 14:17:00,391
470,124,2024-05-29 04:13:00,413
471,106,2024-07-03 19:11:00,329
472,158,2024-06-26 14:10:00,130
473,147,2024-06-05 20:49:00,251
474,145,2024-05-02 04:11:00,207
475,120,2024-06-30 04:31:00,169
476,63,2024-06-17 05:22:00,108
477,19,2024-07-07 21:17:00,264
478,92,2024-05-05 14:28:00,177
479,58,2024-05-02 07:37:00,273
480,183,2024-06-28 09:07:00,258
481,90,2024-05-20 13:31:00,419
482,117,2024-05-08 15:36:00,164
483,62,2024-05-24 06:23:00,258
484,23,2024-06-18 05:07:00,63
485,127,2024-05-01 12:40:00,58
486,137,2024-05-17 02:33:00,89
487,140,2024-05-01 00:36:00,499
488,129,2024-06-29 17:25:00,286
489,58,2024-05-27 05:25:00,330
490,122,2024-05-26 01:28:00,408
491,1,2024-06-05 12:46:00,250
492,34,2024-05-07 19:29:00,295
493,96,2024-05-19 14:59:00,327
494,126,2024-06-18 07:25:00,284
495,118,2024-05-15 06:12:00,53
496,48,2024-06-17 04:09:00,203
497,89,2024-05-18 18:04:00,491
498,117,2024-07-04 12:42:00,78
499,129,2024-05-16 17:25:00,158
500,16,2024-06-02 21:46:00,147
501,189,2024-05-11 08:46:00,264
502,192,2024-05-19 23:37:00,342
503,191,2024-05-20 16:06:00,124
504,69,2024-06-02 21:05:00,375
505,22,2024-05-06 01:14:00,195
506,93,2024-06-30 18:09:00,177
507,195,2024-05-12 20:11:00,390
508,76,2024-05-22 19:03:00,91
509,154,2024-06-17 13:09:00,405
510,144,2024-06-14 23:57:00,90
511,179,2024-05-11 17:00:00,471
512,86,2024-06-12 11:54:00,83
513,185,2024-07-01 08:20:00,66
514,29,2024-06-24 16:35:00,214
515,69,2024-07-09 04:07:00,202
516,47,2024-05-23 19:01:00,427
517,94,2024-05-10 08:49:00,125
518,190,2024-06-19 15:46:00,136
519,197,2024-05-28 05:31:00,166
520,144,2024-07-02 07:03:00,411
521,176,2024-05-16 18:30:00,391
522,85,2024-05-09 09:12:00,76
523,39,2024-05-10 18:45:00,362
524,100,2024-05-08 13:28:00,336
525,33,2024-07-03 09:40:00,183
526,101,2024-05-12 02:29:00,268
527,23,2024-05-27 09:56:00,217
528,10,2024-06-02 23:09:00,147
529,69,2024-06-02 13:37:00,317
530,100,2024-05-11 21:03:00,286
531,34,2024-05-11 09:35:00,358
532,180,2024-06-19 04:23:00,443
533,138,2024-06-18 12:01:00,222
534,147,2024-06-26 13:23:00,450
535,186,2024-06-26 09:20:00,459
536,96,2024-05-27 03:20:00,239
537,1,2024-06-06 01:57:00,171
538,69,2024-06-13 21:09:00,95
539,4,2024-05-27 00:56:00,113
540,16,2024-06-21 16:16:00,179
541,24,2024-06-14 06:27:00,359
542,80,2024-06-25 07:08:00,412
543,2,2024-06-17 15:09:00,242
544,128,2024-06-17 21:50:00,356
545,160,2024-05-21 10:02:00,230
546,84,2024-05-15 18:58:00,341
547,152,2024-06-15 07:54:00,420
548,140,2024-05-24 15:14:00,331
549,178,2024-06-19 20:09:00,78
550,163,2024-06-13 04:46:00,198
551,124,2024-05-15 01:12:00,316
552,33,2024-06-04 18:14:00,345
553,161,2024-05-23 05:36:00,60
554,189,2024-05-23 20:41:00,213
555,179,2024-05-23 03:30:00,162
556,171,2024-05-31 02:14:00,236
557,101,2024-07-04 01:29:00,344
558,12,2024-05-14 23:03:00,281
559,67,2024-05-22 06:02:00,276
560,65,2024-06-11 09:02:00,359
561,161,2024-07-06 23:36:00,147
562,168,2024-05-05 19:14:00,104
563,74,2024-05-19 18:42:00,160
564,43,2024-06-15 01:13:00,201
565,44,2024-05-12 21:01:00,295
566,29,2024-06-06 10:28:00,455
567,141,2024-05-23 19:45:00,118
568,12,2024-05-16 04:36:00,361
569,95,2024-07-07 00:33:00,338
570,46,2024-07-01 17:54:00,299
571,130,2024-06-19 19:46:00,85
572,35,2024-05-17 08:46:00,288
573,81,2024-06-30 07:03:00,197
574,90,2024-05-29 18:10:00,276
575,8,2024-06-21 16:02:00,293
576,93,2024-05-06 07:09:00,386
577,154,2024-06-05 08:25:00,495
578,90,2024-05-01 18:24:00,414
579,162,2024-05-06 11:11:00,250
580,115,2024-06-30 00:56:00,203
581,105,2024-07-06 05:00:00,499
582,135,2024-06-06 17:09:00,122
583,196,2024-05-28 12:32:00,250
584,58,2024-06-23 07:34:00,345
585,114,2024-05-28 10:34:00,66
586,75,2024-05-09 13:20:00,178
587,157,2024-05-04 10:26:00,266
588,120,2024-05-12 02:27:00,110
589,164,2024-05-28 19:59:00,476
590,21,2024-06-08 08:02:00,153
591,164,2024-07-08 03:58:00,91
592,138,2024-05-18 22:23:00,74
593,101,2024-06-02 13:46:00,88
594,152,2024-05-19 05:30:00,340
595,192,2024-06-04 09:23:00,180
596,177,2024-05-07 03:10:00,278
597,99,2024-05-30 01:23:00,157
598,36,2024-06-07 07:30:00,221
599,96,2024-06-27 01:14:00,484
600,152,2024-06-23 15:54:00,151
601,151,2024-06-15 09:06:00,403
602,190,2024-05-21 13:03:00,61
603,37,2024-05-01 15:08:00,324
604,12,2024-06-26 14:17:00,150
605,113,2024-06-16 09:15:00,93
606,183,2024-05-08 02:49:00,492
607,13,2024-07-02 02:33:00,354
608,23,2024-06-30 02:13:00,494
609,99,2024-05-16 04:25:00,66
610,105,2024-05-31 10:54:00,379
611,30,2024-06-29 09:23:00,106
612,17,2024-05-02 02:44:00,360
613,113,2024-05-04 10:10:00,352
614,62,2024-05-04 02:45:00,61
615,84,2024-05-22 08:44:00,367
616,112,2024-06-23 23:29:00,129
617,86,2024-06-21 01:12:00,265
618,141,2024-06-01 23:15:00,388
619,187,2024-05-27 14:37:00,313
620,19,2024-05-25 15:55:00,198
621,177,2024-06-08 11:42:00,130
622,100,2024-06-27 08:01:00,264
623,140,2024-06-11 01:53:00,423
624,189,2024-07-01 03:45:00,247
625,147,2024-06-05 09:25:00,249
626,76,2024-05-11 13:32:00,74
627,9,2024-05-10 11:23:00,138
628,199,2024-06-08 12:44:00,317
629,28,2024-06-01 21:59:00,192
630,128,2024-05-08 19:53:00,108
631,52,2024-06-15 12:00:00,459
632,83,2024-06-05 19:11:00,414
633,111,2024-06-02 20:09:00,75
634,144,2024-05-14 17:51:00,96
635,117,2024-05-23 10:32:00,337
636,69,2024-06-10 10:56:00,315
637,99,2024-07-07 04:13:00,65
638,140,2024-06-24 15:40:00,248
639,25,2024-05-12 13:33:00,450
640,180,2024-06-11 04:29:00,456
641,123,2024-05-28 02:28:00,331
642,53,2024-05-11 22:58:00,135
643,151,2024-06-16 00:47:00,299
644,144,2024-06-01 11:47:00,440
645,57,2024-06-29 23:25:00,319
646,39,2024-05-06 19:30:00,384
647,109,2024-05-20 19:07:00,166
648,181,2024-06-18 00:03:00,56
649,42,2024-06-16 04:13:00,186
650,186,2024-05-02 18:30:00,420
651,167,2024-06-24 16:25:00,225
652,142,2024-05-15 08:41:00,377
653,122,2024-06-02 21:35:00,364
654,133,2024-06-27 00:09:00,264
655,163,2024-05-08 01:58:00,131
656,75,2024-05-11 11:47:00,272
657,146,2024-05-13 11:24:00,421
658,76,2024-05-18 02:10:00,472
659,9,2024-07-07 20:28:00,451
660,74,2024-06-11 11:02:00,492
661,186,2024-05-03 16:44:00,152
662,145,2024-05-25 23:04:00,322
663,7,2024-07-06 07:21:00,63
664,174,2024-05-18 06:45:00,208
665,141,2024-05-03 09:41:00,201
666,168,2024-06-30 23:00:00,157
667,170,2024-07-09 03:20:00,237
668,137,2024-05-09 10:25:00,350
669,178,2024-05-30 23:06:00,147
670,27,2024-06-06 01:50:00,180
671,122,2024-06-06 22:36:00,342
672,194,2024-07-02 23:24:00,220
673,5,2024-05-16 08:23:00,473
674,29,2024-06-25 05:26:00,232
675,165,2024-06-25 16:11:00,413
676,166,2024-05-10 15:04:00,88
677,83,2024-05-28 01:32:00,64
678,136,2024-06-17 12:15:00,425
679,109,2024-06-07 11:43:00,53
680,65,2024-06-25 16:28:00,398
681,86,2024-06-28 09:20:00,458
682,145,2024-07-05 09:07:00,446
683,71,2024-05-04 09:03:00,259
684,45,2024-06-16 13:11:00,210
685,132,2024-05-10 01:29:00,65
686,36,2024-05-15 08:05:00,475
687,70,2024-06-07 16:28:00,157
688,159,2024-05-01 18:13:00,431
689,19,2024-06-29 02:57:00,499
690,189,2024-05-02 16:19:00,360
691,108,2024-05-13 12:57:00,276
692,182,2024-05-05 17:49:00,219
693,167,2024-06-12 16:52:00,83
694,91,2024-06-25 04:34:00,463
695,90,2024-07-04 12:02:00,300
696,19,2024-05-30 03:40:00,296
697,39,2024-06-12 00:58:00,318
698,126,2024-06-06 03:05:00,190
699,195,2024-06-09 04:01:00,323
700,173,2024-07-08 10:49:00,465
701,141,2024-06-02 20:54:00,145
702,126,2024-06-17 14:21:00,276
703,58,2024-06-19 08:16:00,428
704,148,2024-05-25 14:41:00,88
705,200,2024-05-31 16:27:00,351
706,61,2024-06-29 02:38:00,78
707,127,2024-06-05 14:37:00,495
708,105,2024-07-06 05:49:00,367
709,167,2024-06-18 18:41:00,294
710,1,2024-05-03 15:08:00,285
711,131,2024-05-28 11:00:00,234
712,92,2024-05-16 16:48:00,321
713,190,2024-05-09 03:13:00,489
714,191,2024-05-12 21:31:00,285
715,113,2024-07-01 14:43:00,288
716,153,2024-05-12 10:11:00,426
717,56,2024-06-18 07:53:00,315
718,161,2024-07-07 22:14:00,463
719,166,2024-05-22 16:13:00,458
720,117,2024-06-05 20:17:00,408
721,134,2024-06-01 13:20:00,389
722,58,2024-05-30 09:41:00,438
723,44,2024-06-12 06:19:00,114
724,173,2024-07-03 08:43:00,226
725,160,2024-07-02 09:26:00,52
726,173,2024-06-21 22:04:00,478
727,61,2024-06-19 03:57:00,191
728,47,2024-05-10 17:04:00,425
729,149,2024-05-05 10:25:00,207
730,80,2024-05-01 14:17:00,373
731,118,2024-06-04 06:35:00,195
732,164,2024-05-30 02:19:00,495
733,147,2024-06-21 16:39:00,342
734,20,2024-05-20 03:02:00,202
735,185,2024-07-06 16:37:00,481
736,146,2024-06-16 18:03:00,242
737,47,2024-06-05 12:04:00,486
738,49,2024-06-03 13:00:00,122
739,14,2024-05-22 12:06:00,448
740,143,2024-05-01 04:23:00,354
741,159,2024-06-12 07:46:00,426
742,1,2024-06-01 19:06:00,393
743,117,2024-05-18 20:30:00,189
744,54,2024-05-13 07:14:00,236
745,118,2024-05-27 14:21:00,342
746,3,2024-06-20 20:30:00,110
747,144,2024-05-20 06:30:00,476
748,185,2024-06-27 21:09:00,429
749,12,2024-07-06 23:55:00,247
750,74,2024-06-18 03:12:00,344
751,16,2024-06-18 19:38:00,489
752,200,2024-06-20 04:50:00,368
753,102,2024-05-11 21:07:00,351
754,152,2024-07-05 20:26:00,393
755,156,2024-05-24 17:22:00,60
756,117,2024-06-25 11:04:00,111
757,8,2024-05-28 13:54:00,382
758,122,2024-05-05 01:16:00,275
759,92,2024-07-01 11:18:00,202
760,164,2024-05-30 19:18:00,248
761,90,2024-07-03 12:06:00,101
762,136,2024-06-28 18:34:00,309
763,186,2024-05-03 13:47:00,108
764,60,2024-06-12 23:13:00,121
765,178,2024-06-01 05:42:00,197
766,28,2024-05-13 00:16:00,398
767,101,2024-06-11 03:48:00,112
768,41,2024-06-04 18:38:00,359
769,192,2024-05-28 08:32:00,422
770,155,2024-05-25 17:59:00,292
771,191,2024-05-26 12:33:00,415
772,145,2024-06-14 15:29:00,379
773,161,2024-05-04 11:19:00,156
774,157,2024-06-10 06:19:00,275
775,141,2024-05-09 23:24:00,362
776,46,2024-05-30 09:54:00,267
777,35,2024-06-19 21:40:00,474
778,134,2024-06-28 16:42:00,290
779,82,2024-06-15 10:57:00,308
780,115,2024-05-01 12:41:00,425
781,197,2024-07-05 05:18:00,311
782,47,2024-06-16 18:53:00,54
783,153,2024-05-17 06:21:00,310
784,194,2024-07-02 08:45:00,103
785,10,2024-06-14 21:49:00,96
786,56,2024-06-29 11:36:00,264
787,30,2024-06-17 06:02:00,226
788,109,2024-05-07 16:16:00,58
789,5,2024-07-06 12:45:00,148
790,119,2024-06-05 08:24:00,69
791,33,2024-05-30 20:36:00,427
792,118,2024-05-28 09:16:00,290
793,65,2024-05-28 09:18:00,110
794,146,2024-06-29 18:46:00,428
795,177,2024-06-25 11:40:00,468
796,11,2024-06-11 13:39:00,227
797,85,2024-06-24 16:22:00,387
798,26,2024-06-10 02:53:00,111
799,63,2024-06-13 09:08:00,194
800,86,2024-05-08 21:34:00,265
801,59,2024-05-05 23:14:00,52
802,27,2024-07-07 13:20:00,209
803,177,2024-07-02 13:19:00,276
804,161,2024-05-16 13:02:00,318
805,98,2024-05-03 21:14:00,169
806,105,2024-05-18 21:00:00,430
807,99,2024-05-08 12:28:00,138
808,129,2024-07-08 22:03:00,378
809,149,2024-07-01 23:22:00,117
810,55,2024-06-23 20:11:00,447
811,6,2024-07-07 04:10:00,406
812,197,2024-05-17 11:31:00,147
813,95,2024-06-17 09:56:00,316
814,133,2024-05-23 19:27:00,154
815,102,2024-05-10 18:48:00,489
816,3,2024-06-22 21:31:00,372
817,181,2024-05-20 04:38:00,172
818,23,2024-06-25 08:03:00,78
819,53,2024-06-02 01:35:00,186
820,165,2024-06-06 12:11:00,244
821,83,2024-06-07 04:51:00,458
822,145,2024-05-19 21:14:00,275
823,85,2024-06-11 06:16:00,381
824,78,2024-06-02 18:35:00,219
825,110,2024-05-13 13:47:00,58
826,1,2024-05-11 01:44:00,89
827,51,2024-05-11 19:02:00,74
828,173,2024-05-14 02:07:00,310
829,4,2024-06-21 11:28:00,444
830,190,2024-05-06 17:43:00,492
831,193,2024-06-14 20:04:00,275
832,113,2024-05-15 20:50:00,173
833,32,2024-05-10 01:41:00,87
834,34,2024-06-15 09:13:00,377
835,92,2024-07-01 11:11:00,300
836,95,2024-06-13 07:49:00,438
837,72,2024-05-27 01:54:00,225
838,39,2024-06-07 18:54:00,139
839,154,2024-05-27 08:19:00,451
840,162,2024-06-21 11:20:00,86
841,182,2024-06-02 03:52:00,365
842,118,2024-05-02 17:41:00,225
843,3,2024-06-06 21:17:00,333
844,123,2024-05-16 14:39:00,130
845,50,2024-06-03 19:50:00,163
846,12,2024-05-31 04:37:00,89
847,193,2024-07-05 00:43:00,350
848,54,2024-05-14 09:59:00,273
849,133,2024-06-23 06:24:00,367
850,57,2024-07-03 14:49:00,398
851,145,2024-06-19 06:41:00,164
852,112,2024-05-15 17:25:00,235
853,47,2024-07-08 09:44:00,372
854,151,2024-07-06 18:01:00,105
855,85,2024-06-20 09:33:00,89
856,142,2024-05-02 04:41:00,403
857,66,2024-06-27 19:10:00,89
858,75,2024-05-30 05:21:00,396
859,179,2024-06-13 20:30:00,286
860,103,2024-06-20 03:36:00,338
861,166,2024-05-18 00:52:00,311
862,192,2024-07-02 15:47:00,265
863,38,2024-06-30 12:44:00,196
864,50,2024-06-27 10:27:00,385
865,98,2024-05-06 17:47:00,217
866,82,2024-07-01 13:39:00,141
867,30,2024-07-07 16:10:00,402
868,79,2024-06-13 22:46:00,108
869,91,2024-06-28 22:12:00,108
870,179,2024-06-14 18:31:00,353
871,191,2024-06-03 02:54:00,218
872,52,2024-05-31 09:35:00,318
873,166,2024-06-28 02:23:00,412
874,79,2024-05-15 22:10:00,94
875,30,2024-06-26 02:03:00,394
876,106,2024-05-23 15:29:00,230
877,51,2024-07-04 03:22:00,219
878,81,2024-05-16 03:18:00,405
879,133,2024-05-16 22:14:00,240
880,29,2024-06-27 19:32:00,204
881,132,2024-05-14 01:48:00,471
882,138,2024-06-19 01:00:00,237
883,184,2024-06-15 20:36:00,56
884,145,2024-06-20 16:46:00,182
885,74,2024-05-12 02:50:00,284
886,17,2024-05-02 00:21:00,94
887,84,2024-06-10 02:56:00,363
888,69,2024-05-09 01:39:00,298
889,34,2024-06-05 22:35:00,80
890,6,2024-05-28 02:29:00,72
891,53,2024-05-15 00:58:00,475
892,194,2024-06-07 09:32:00,443
893,126,2024-06-19 14:12:00,209
894,43,2024-05-17 09:38:00,412
895,115,2024-06-23 08:53:00,486
896,111,2024-05-12 13:40:00,207
897,151,2024-05-09 05:34:00,88
898,183,2024-06-02 21:24:00,464
899,80,2024-05-08 20:38:00,131
900,95,2024-05-08 09:22:00,405
901,118,2024-06-27 22:09:00,307
902,144,2024-05-22 01:47:00,255
903,8,2024-06-12 13:29:00,126
904,132,2024-06-01 05:51:00,61
905,104,2024-05-25 13:54:00,344
906,132,2024-06-12 21:01:00,499
907,184,2024-07-01 20:08:00,273
908,25,2024-05-22 18:47:00,62
909,195,2024-05-16 07:16:00,95
910,96,2024-05-29 12:58:00,204
911,195,2024-06-15 20:53:00,162
912,155,2024-05-24 08:01:00,282
913,93,2024-05-30 18:46:00,66
914,160,2024-05-06 20:18:00,409
915,178,2024-06-29 02:07:00,272
916,61,2024-07-08 08:10:00,403
917,122,2024-05-02 17:01:00,237
918,51,2024-06-28 02:17:00,497
919,147,2024-05-28 13:41:00,393
920,21,2024-06-04 04:29:00,414
921,5,2024-05-30 14:40:00,212
922,92,2024-06-21 05:32:00,375
923,170,2024-05-17 21:45:00,463
924,61,2024-05-11 18:58:00,123
925,22,2024-05-17 04:53:00,282
926,149,2024-05-15 21:50:00,273
927,70,2024-05-14 17:48:00,368
928,1,2024-05-24 02:39:00,461
929,133,2024-05-16 02:46:00,109
930,12,2024-05-19 15:48:00,384
931,90,2024-06-25 22:13:00,271
932,46,2024-06-18 22:18:00,86
933,34,2024-05-05 09:01:00,327
934,177,2024-07-01 14:04:00,245
935,78,2024-05-31 15:31:00,453
936,45,2024-06-28 12:06:00,401
937,155,2024-06-02 15:47:00,291
938,73,2024-05-20 21:57:00,373
939,26,2024-06-02 08:46:00,268
940,47,2024-05-25 07:12:00,241
941,121,2024-05-24 22:49:00,66
942,56,2024-05-18 16:07:00,61
943,94,2024-05-28 15:53:00,455
944,107,2024-06-12 00:55:00,450
945,63,2024-05-03 21:50:00,443
946,48,2024-06-17 21:19:00,423
947,61,2024-06-20 04:24:00,242
948,81,2024-05-16 12:44:00,71
949,26,2024-05-16 00:29:00,169
950,36,2024-05-15 10:22:00,259
951,1,2024-07-09 04:50:00,355
952,8,2024-07-08 10:07:00,319
953,113,2024-06-30 01:23:00,241
954,99,2024-05-12 07:24:00,224
955,180,2024-06-13 17:16:00,334
956,47,2024-06-16 13:41:00,253
957,127,2024-06-09 20:19:00,213
958,56,2024-07-08 14:29:00,300
959,14,2024-05-06 00:56:00,276
960,28,2024-05-29 12:22:00,485
961,78,2024-06-05 06:22:00,430
962,130,2024-06-02 01:08:00,56
963,109,2024-07-05 15:37:00,78
964,154,2024-06-14 13:02:00,444
965,14,2024-05-29 03:26:00,82
966,187,2024-06-28 00:17:00,183
967,56,2024-06-21 22:06:00,416
968,115,2024-05-28 05:36:00,128
969,7,2024-06-21 22:30:00,465
970,3,2024-06-27 01:53:00,484
971,111,2024-06-12 03:07:00,107
972,151,2024-06-23 14:04:00,75
973,107,2024-05-15 05:42:00,479
974,18,2024-06-27 04:57:00,275
975,38,2024-07-04 00:06:00,334
976,115,2024-06-23 17:12:00,53
977,15,2024-05-15 02:26:00,148
978,192,2024-06-06 00:55:00,446
979,119,2024-07-08 02:00:00,88
980,28,2024-06-14 17:32:00,320
981,39,2024-05-06 20:08:00,424
982,185,2024-06-03 16:46:00,334
983,17,2024-05-23 11:53:00,206
984,86,2024-06-03 23:03:00,124
985,126,2024-07-01 10:45:00,421
986,44,2024-06-21 08:50:00,337
987,25,2024-05-08 03:22:00,179
988,145,2024-06-04 20:50:00,224
989,13,2024-05-31 10:28:00,133
990,25,2024-05-31 15:23:00,71
991,68,2024-05-01 05:10:00,76
992,138,2024-06-22 18:57:00,244
993,67,2024-06-17 14:23:00,386
994,109,2024-05-29 07:05:00,431
995,146,2024-06-01 09:33:00,285
996,111,2024-06-11 16:56:00,489
997,111,2024-06-03 13:03:00,141
998,34,2024-07-02 14:54:00,70
999,111,2024-06-21 10:14:00,352
1000,8,2024-06-15 07:41:00,406
